No.,ชื่อเมนู,ลิงก์รูปภาพ (Google Image URL)
1,ข้าวกะเพราหมูสับ,https://www.google.com/search?tbm=isch&q=ข้าวกะเพราหมูสับ
2,ข้าวกะเพราไก่ชิ้น,https://www.google.com/search?tbm=isch&q=ข้าวกะเพราไก่
3,ข้าวกะเพราหมูกรอบ,https://www.google.com/search?tbm=isch&q=ข้าวกะเพราหมูกรอบ
4,ข้าวกะเพราเนื้อสับ,https://www.google.com/search?tbm=isch&q=ข้าวกะเพราเนื้อสับ
5,ข้าวกะเพราตับหมู,https://www.google.com/search?tbm=isch&q=ข้าวกะเพราตับ
6,ข้าวกะเพราทะเล,https://www.google.com/search?tbm=isch&q=ข้าวกะเพราทะเล
7,ข้าวกะเพราเป็ดย่าง,https://www.google.com/search?tbm=isch&q=ข้าวกะเพราเป็ดย่าง
8,ข้าวกะเพราเต้าหู้หมูสับ,https://www.google.com/search?tbm=isch&q=ข้าวกะเพราเต้าหู้หมูสับ
9,ข้าวผัดหมู,https://www.google.com/search?tbm=isch&q=ข้าวผัดหมู
10,ข้าวผัดไก่,https://www.google.com/search?tbm=isch&q=ข้าวผัดไก่
11,ข้าวผัดกุ้ง,https://www.google.com/search?tbm=isch&q=ข้าวผัดกุ้ง
12,ข้าวผัดปู,https://www.google.com/search?tbm=isch&q=ข้าวผัดปู
13,ข้าวผัดแหนม,https://www.google.com/search?tbm=isch&q=ข้าวผัดแหนม
14,ข้าวผัดกุนเชียง,https://www.google.com/search?tbm=isch&q=ข้าวผัดกุนเชียง
15,ข้าวผัดรถไฟ,https://www.google.com/search?tbm=isch&q=ข้าวผัดรถไฟ
16,ข้าวหมูกระเทียมพริกไทย,https://www.google.com/search?tbm=isch&q=ข้าวหมูกระเทียม
17,ข้าวไก่กระเทียมพริกไทย,https://www.google.com/search?tbm=isch&q=ข้าวไก่กระเทียม
18,ข้าวคะน้าหมูกรอบ,https://www.google.com/search?tbm=isch&q=ข้าวคะน้าหมูกรอบ
19,ข้าวคะน้าปลาเค็ม,https://www.google.com/search?tbm=isch&q=ข้าวคะน้าปลาเค็ม
20,ข้าวพริกแกงหมูชิ้น,https://www.google.com/search?tbm=isch&q=ข้าวพริกแกงหมูชิ้น
21,ข้าวพริกแกงไก่,https://www.google.com/search?tbm=isch&q=ข้าวพริกแกงไก่
22,ข้าวพริกแกงหมูกรอบ,https://www.google.com/search?tbm=isch&q=ข้าวพริกแกงหมูกรอบ
23,ข้าวผัดพริกเผาหมู,https://www.google.com/search?tbm=isch&q=ข้าวผัดพริกเผาหมู
24,ข้าวผัดพริกเผาทะเล,https://www.google.com/search?tbm=isch&q=ข้าวผัดพริกเผาทะเล
25,ข้าวไข่เจียวหมูสับ,https://www.google.com/search?tbm=isch&q=ข้าวไข่เจียวหมูสับ
26,ข้าวไข่เจียวกุ้งสับ,https://www.google.com/search?tbm=isch&q=ข้าวไข่เจียวกุ้งสับ
27,สุกี้แห้งหมู,https://www.google.com/search?tbm=isch&q=สุกี้แห้งหมู
28,สุกี้แห้งทะเล,https://www.google.com/search?tbm=isch&q=สุกี้แห้งทะเล
29,ผัดซีอิ๊วหมู,https://www.google.com/search?tbm=isch&q=ผัดซีอิ๊วหมู
30,ผัดมาม่าขี้เมาหมู,https://www.google.com/search?tbm=isch&q=ผัดมาม่าขี้เมาหมู